{"loss": 0.34293973445892334, "accuracy": 0.8758999705314636}