{"loss": 0.34615468978881836, "accuracy": 0.8723999857902527}