{"loss": 0.34640711545944214, "accuracy": 0.8787000179290771}