{"loss": 0.38318634033203125, "accuracy": 0.8647000193595886}