{"loss": 0.5244868993759155, "accuracy": 0.8061000108718872}