{"loss": 0.34173744916915894, "accuracy": 0.8762999773025513}