{"loss": 0.34421306848526, "accuracy": 0.8758999705314636}