{"loss": 0.39961493015289307, "accuracy": 0.8582000136375427}