epoch,loss,accuracy
1,0.7466387748718262,0.721666693687439
