epoch,loss,accuracy
1,0.6558973789215088,0.7714166641235352
2,0.43281131982803345,0.8507833480834961
