epoch,loss,accuracy
1,0.6595214009284973,0.7672666907310486
2,0.42984336614608765,0.8500666618347168
