epoch,loss,accuracy
1,0.6520281434059143,0.7706999778747559
