epoch,loss,accuracy
1,0.672005832195282,0.7645000219345093
