epoch,loss,accuracy
1,0.6151858568191528,0.7860666513442993
