epoch,loss,accuracy
1,0.6373929977416992,0.7783166766166687
2,0.41668495535850525,0.8544166684150696
