epoch,loss,accuracy
1,0.6757141947746277,0.7679166793823242
2,0.43031594157218933,0.8509833216667175
