epoch,loss,accuracy
1,0.507741391658783,0.8222166895866394
